Płeć,Wiek,Wykształcenie,Średnie Zarobki,Czas Początkowy Podróży,Czas Końcowy Podróży,Cel Podróży
Kobieta,64.0,Podstawowe,12842.1,14:54,18:23,Zakupy
Kobieta,54.0,Średnie,4940.25,08:55,13:10,Inne
,,,5241.71,07:33,,
Mężczyzna,27.0,Podstawowe,11627.61,11:53,15:02,Praca
Kobieta,39.0,Podstawowe,14609.79,18:00,18:10,Zakupy
Mężczyzna,36.0,Podstawowe,10830.48,08:56,16:08,Zakupy
Kobieta,32.0,Wyższe,10151.98,15:51,15:25,Praca
Kobieta,31.0,Wyższe,12622.79,22:42,00:00,Inne
Kobieta,51.0,Podstawowe,3498.47,10:19,21:07,Praca
Mężczyzna,32.0,Średnie,9469.66,10:24,13:21,Praca
Mężczyzna,63.0,Średnie,3942.75,10:50,10:04,Edukacja
Mężczyzna,61.0,Wyższe,12135.11,20:39,20:28,Rozrywka
Kobieta,67.0,Wyższe,14592.75,22:12,02:38,Praca
Mężczyzna,23.0,Średnie,4979.42,15:14,17:45,Zakupy
Kobieta,27.0,Wyższe,4087.15,05:09,05:17,Rozrywka
Mężczyzna,56.0,Podstawowe,6171.34,17:04,02:34,Rozrywka
Kobieta,29.0,Podstawowe,14027.22,10:01,14:33,Zakupy
Kobieta,29.0,Podstawowe,9859.72,21:57,00:00,Rozrywka
Kobieta,38.0,Podstawowe,3812.47,19:47,21:12,Inne
Mężczyzna,65.0,Podstawowe,9371.55,12:21,18:12,Zakupy
Mężczyzna,34.0,Średnie,3528.48,21:34,03:29,Praca
Mężczyzna,41.0,Wyższe,10617.69,13:47,18:10,Edukacja
Kobieta,37.0,Średnie,10324.48,14:47,19:44,Praca
Kobieta,46.0,Podstawowe,5635.62,09:58,09:05,Praca
Mężczyzna,25.0,Wyższe,13465.72,17:31,19:46,Edukacja
Mężczyzna,37.0,Wyższe,6783.66,17:04,00:30,Edukacja
Mężczyzna,44.0,Podstawowe,4926.31,09:52,12:36,Edukacja
Kobieta,30.0,Podstawowe,4798.83,21:02,06:32,Edukacja
Kobieta,38.0,Podstawowe,5896.29,20:09,02:07,Edukacja
Kobieta,28.0,Wyższe,6409.32,07:06,13:28,Inne
Kobieta,51.0,Podstawowe,12333.75,09:37,15:02,Inne
Mężczyzna,47.0,Średnie,8275.37,16:42,16:07,Rozrywka
Kobieta,61.0,,10896.34,05:20,10:01,Praca
Kobieta,38.0,Średnie,12607.67,09:24,15:13,Praca
Mężczyzna,49.0,Podstawowe,4156.89,10:02,21:19,Edukacja
Mężczyzna,51.0,Podstawowe,8525.35,20:03,01:11,
Kobieta,65.0,Podstawowe,7598.41,22:15,09:14,Rozrywka
Mężczyzna,31.0,Wyższe,9892.5,22:40,00:18,Rozrywka
Mężczyzna,59.0,Podstawowe,3878.55,07:35,16:17,Praca
Kobieta,54.0,Podstawowe,5563.09,13:14,19:15,Rozrywka
Kobieta,53.0,Podstawowe,10808.12,21:06,03:21,Inne
Kobieta,33.0,Średnie,8918.59,07:26,12:04,Edukacja
Mężczyzna,46.0,Średnie,8095.6,08:10,10:51,Inne
Kobieta,34.0,Wyższe,13569.73,10:40,10:49,Edukacja
Mężczyzna,69.0,Średnie,13783.59,11:50,18:22,Praca
Kobieta,41.0,Podstawowe,14234.18,13:14,14:25,Zakupy
Kobieta,53.0,Podstawowe,3198.58,23:37,08:06,Zakupy
Kobieta,31.0,Podstawowe,13051.22,14:32,17:02,Zakupy
Kobieta,43.0,Wyższe,9972.54,19:36,01:23,Edukacja
Kobieta,52.0,Podstawowe,10899.9,20:58,03:47,Rozrywka
Mężczyzna,63.0,Podstawowe,11792.59,08:17,15:16,Rozrywka
Kobieta,48.0,Podstawowe,14776.3,08:47,13:00,Inne
Mężczyzna,,Średnie,4866.27,05:22,07:22,Edukacja
Mężczyzna,42.0,Podstawowe,6743.97,15:27,15:00,Zakupy
Kobieta,19.0,Średnie,11055.63,20:08,03:27,Edukacja
Kobieta,68.0,Wyższe,4587.47,19:44,19:57,Edukacja
Mężczyzna,44.0,Średnie,5705.13,21:21,02:17,Inne
Mężczyzna,44.0,Średnie,13974.08,09:11,15:38,Praca
Kobieta,26.0,Średnie,3769.82,11:00,12:14,Edukacja
Mężczyzna,59.0,Wyższe,10387.17,23:19,03:32,Rozrywka
Mężczyzna,55.0,Podstawowe,10064.49,19:41,22:32,Edukacja
Mężczyzna,28.0,Wyższe,6479.33,06:32,07:09,Inne
Mężczyzna,62.0,Średnie,5531.89,13:59,17:20,Praca
Mężczyzna,68.0,Wyższe,5799.34,06:51,15:45,Praca
Mężczyzna,27.0,Średnie,8092.49,18:01,20:10,Zakupy
Mężczyzna,49.0,Podstawowe,,07:47,08:44,Praca
Kobieta,26.0,Średnie,7104.81,11:18,13:43,Edukacja
Kobieta,22.0,Średnie,4950.02,05:05,18:47,Inne
Mężczyzna,42.0,Podstawowe,8332.1,13:08,22:24,Zakupy
Kobieta,62.0,Średnie,6477.75,05:33,11:22,Rozrywka
Mężczyzna,42.0,Podstawowe,13802.11,08:40,14:11,Rozrywka
Mężczyzna,22.0,Wyższe,13029.08,08:50,09:12,Zakupy
Mężczyzna,46.0,Wyższe,4452.82,13:18,14:58,Inne
Mężczyzna,69.0,Wyższe,5115.84,08:27,09:18,Zakupy
Mężczyzna,60.0,Średnie,10963.26,22:50,06:44,Edukacja
Mężczyzna,41.0,Średnie,6716.86,14:57,00:40,Inne
Kobieta,46.0,Średnie,8824.65,08:30,13:14,Inne
Mężczyzna,40.0,Podstawowe,9086.79,12:58,21:00,Inne
Mężczyzna,29.0,Podstawowe,5104.36,05:52,15:26,Zakupy
Mężczyzna,66.0,Podstawowe,6137.27,22:19,09:48,Praca
Kobieta,56.0,Wyższe,5697.07,07:01,07:16,Rozrywka
Mężczyzna,37.0,Średnie,14706.97,07:24,18:49,Rozrywka
Kobieta,48.0,Wyższe,,21:24,07:38,Rozrywka
Mężczyzna,45.0,Wyższe,13048.5,12:24,23:46,Rozrywka
Kobieta,25.0,Wyższe,8735.84,16:07,23:27,Praca
Mężczyzna,19.0,Podstawowe,14862.41,15:35,20:34,Zakupy
Mężczyzna,65.0,Średnie,8130.88,09:07,11:14,Zakupy
Mężczyzna,30.0,Wyższe,7893.63,05:12,12:18,Rozrywka
Kobieta,54.0,Średnie,8042.17,18:03,20:20,Praca
Kobieta,46.0,Podstawowe,6690.57,06:29,13:27,Praca
Kobieta,45.0,Podstawowe,13818.57,07:10,16:55,Rozrywka
Kobieta,19.0,Średnie,13297.43,15:53,19:04,Inne
Kobieta,34.0,Wyższe,6877.71,07:11,16:36,Rozrywka
Kobieta,64.0,Wyższe,9428.9,15:17,21:51,Rozrywka
Kobieta,53.0,Średnie,11289.07,22:22,06:42,Edukacja
Mężczyzna,24.0,Średnie,13299.13,19:50,06:20,Inne
Mężczyzna,45.0,Podstawowe,,12:52,16:10,Edukacja
Kobieta,70.0,Średnie,14397.98,08:50,08:13,Edukacja
Kobieta,66.0,Podstawowe,14617.89,12:42,12:14,Edukacja
Mężczyzna,30.0,Podstawowe,6489.74,17:32,00:19,Zakupy
Kobieta,38.0,Średnie,8067.33,12:50,14:14,Rozrywka
Mężczyzna,32.0,Podstawowe,13680.32,12:50,22:03,Zakupy
Mężczyzna,63.0,Średnie,4664.27,19:33,03:34,Edukacja
Mężczyzna,38.0,Podstawowe,4182.11,09:55,10:28,Praca
Kobieta,56.0,Średnie,9943.36,15:49,22:41,Edukacja
Mężczyzna,42.0,Podstawowe,8117.92,19:13,20:42,Zakupy
Kobieta,25.0,Podstawowe,14844.07,13:09,17:18,Zakupy
Kobieta,66.0,Podstawowe,6184.46,20:21,05:05,Edukacja
Mężczyzna,65.0,Średnie,10304.43,12:01,12:51,Inne
Mężczyzna,67.0,Podstawowe,14953.69,14:28,19:04,Praca
Mężczyzna,54.0,Wyższe,4106.43,15:13,22:21,Edukacja
Mężczyzna,55.0,Podstawowe,9659.38,11:39,19:01,Zakupy
Mężczyzna,44.0,Wyższe,13638.14,11:48,21:39,Rozrywka
Kobieta,28.0,Średnie,13756.63,09:22,20:24,Rozrywka
Kobieta,64.0,Średnie,11760.22,14:59,17:03,Praca
Mężczyzna,44.0,Podstawowe,9506.09,21:00,04:18,Edukacja
Kobieta,18.0,Wyższe,6756.43,13:30,14:53,Edukacja
Kobieta,66.0,Podstawowe,9550.15,05:51,05:03,Edukacja
Mężczyzna,28.0,Podstawowe,10902.22,17:58,23:06,Praca
Kobieta,68.0,Wyższe,4014.95,16:24,03:23,Praca
Kobieta,22.0,Wyższe,4301.81,22:10,09:21,Zakupy
Kobieta,21.0,Podstawowe,5983.86,11:41,18:16,Praca
Kobieta,27.0,Wyższe,7434.31,17:45,20:13,Praca
Mężczyzna,38.0,Średnie,8467.33,14:00,16:27,Edukacja
Mężczyzna,35.0,Średnie,14226.41,05:28,10:35,Inne
Kobieta,18.0,Wyższe,4381.85,07:33,13:22,Praca
Kobieta,,Średnie,13057.96,16:47,21:03,Inne
Kobieta,44.0,Podstawowe,14228.77,22:44,07:47,Inne
Kobieta,19.0,Podstawowe,7913.25,07:20,13:56,Edukacja
Kobieta,18.0,Średnie,12669.46,06:24,16:51,Zakupy
Mężczyzna,69.0,Podstawowe,11828.71,21:17,07:25,Rozrywka
Mężczyzna,42.0,Wyższe,13534.0,17:54,03:34,Praca
Mężczyzna,24.0,Podstawowe,10657.16,07:14,16:20,Praca
Mężczyzna,30.0,Wyższe,5220.97,16:41,19:34,Zakupy
Mężczyzna,67.0,Średnie,7287.83,07:29,09:55,Inne
Kobieta,59.0,Podstawowe,8069.49,11:58,20:49,Rozrywka
Kobieta,47.0,Podstawowe,7863.21,16:51,22:05,Inne
Kobieta,44.0,Wyższe,14771.66,24:08,17:04,Praca
Kobieta,69.0,Średnie,9168.37,09:32,18:17,Rozrywka
Kobieta,59.0,Średnie,14262.59,17:16,20:25,Rozrywka
Mężczyzna,50.0,Wyższe,9362.34,17:18,18:17,Inne
Mężczyzna,33.0,Podstawowe,13249.67,16:48,17:17,Zakupy
Mężczyzna,44.0,Wyższe,4711.22,16:50,16:37,Inne
Kobieta,63.0,Podstawowe,9214.98,05:31,13:38,Rozrywka
Mężczyzna,28.0,Średnie,10236.8,22:19,00:02,Zakupy
Kobieta,27.0,Podstawowe,14226.69,07:55,18:01,Zakupy
Mężczyzna,21.0,Podstawowe,11884.09,21:11,01:21,Inne
Kobieta,70.0,Podstawowe,13999.77,07:44,16:31,Rozrywka
Mężczyzna,46.0,Średnie,13346.94,24:45,21:02,Zakupy
Mężczyzna,23.0,Wyższe,7816.36,17:57,21:07,Rozrywka
Mężczyzna,18.0,Wyższe,6014.37,13:16,13:27,Rozrywka
Kobieta,69.0,Średnie,4906.21,06:50,13:33,Edukacja
Kobieta,49.0,Średnie,5450.22,21:50,00:06,Inne
Kobieta,52.0,Wyższe,11008.14,08:55,15:32,Praca
Kobieta,67.0,Wyższe,12437.21,21:51,07:50,Zakupy
Kobieta,63.0,Podstawowe,6086.62,09:22,10:09,Inne
Mężczyzna,37.0,Średnie,14275.9,18:45,01:44,Inne
Mężczyzna,70.0,Średnie,7162.25,10:46,12:25,Edukacja
Kobieta,27.0,Średnie,9140.84,22:45,07:47,Zakupy
Mężczyzna,45.0,Podstawowe,3271.47,22:02,00:12,Edukacja
Kobieta,65.0,Średnie,14273.84,14:05,20:07,Zakupy
Mężczyzna,29.0,Średnie,3514.69,09:20,14:41,Rozrywka
Mężczyzna,64.0,Podstawowe,5330.57,23:51,06:13,Inne
Kobieta,46.0,Wyższe,3150.9,10:58,15:47,Praca
Mężczyzna,30.0,Wyższe,3569.72,30:59,16:21,Edukacja
Mężczyzna,38.0,Wyższe,3698.21,11:50,11:22,Inne
Kobieta,68.0,Wyższe,8007.04,10:01,20:55,Inne
,55.0,Wyższe,8948.57,05:28,08:18,Inne
Kobieta,68.0,Wyższe,5228.47,06:31,16:57,Edukacja
Kobieta,21.0,Średnie,11909.33,08:52,18:14,Inne
Kobieta,32.0,Wyższe,7373.4,09:46,13:32,Zakupy
Mężczyzna,58.0,Średnie,,16:29,03:54,Rozrywka
Kobieta,41.0,Podstawowe,3984.05,10:46,20:06,Edukacja
Mężczyzna,27.0,Wyższe,5677.0,22:44,03:45,Zakupy
Kobieta,41.0,Podstawowe,12460.67,22:39,08:57,Praca
Mężczyzna,24.0,Wyższe,8185.25,05:26,13:58,Praca
Mężczyzna,65.0,Wyższe,10291.05,08:47,14:40,Rozrywka
Kobieta,22.0,,6642.27,11:52,13:15,Edukacja
Mężczyzna,58.0,Średnie,3062.79,18:09,00:46,Edukacja
Mężczyzna,66.0,Podstawowe,14554.75,18:47,19:39,Zakupy
Mężczyzna,58.0,Podstawowe,12727.93,06:26,13:02,Rozrywka
Mężczyzna,31.0,Podstawowe,3793.75,17:37,20:14,Edukacja
Mężczyzna,30.0,Wyższe,5602.27,19:29,22:15,Edukacja
Kobieta,20.0,Wyższe,6835.25,13:10,16:28,Edukacja
Kobieta,30.0,Średnie,4256.95,15:10,00:08,Zakupy
Kobieta,20.0,Średnie,3550.07,09:23,19:42,Rozrywka
Kobieta,49.0,Podstawowe,6553.33,18:55,00:01,Zakupy
Kobieta,51.0,Średnie,8845.18,30:01,05:12,Praca
Mężczyzna,41.0,Podstawowe,13573.91,15:07,19:47,Zakupy
Mężczyzna,63.0,Podstawowe,5213.91,10:52,15:22,Inne
Mężczyzna,27.0,Średnie,6910.99,05:00,09:28,Zakupy
Kobieta,36.0,Średnie,5236.25,11:38,11:17,Edukacja
Mężczyzna,46.0,Średnie,6533.33,09:09,13:06,Edukacja
Kobieta,34.0,Podstawowe,6112.18,12:21,12:03,Praca
Kobieta,38.0,Podstawowe,3708.47,11:43,17:44,Inne
Kobieta,63.0,Średnie,13520.8,16:50,22:11,Zakupy
Kobieta,30.0,Średnie,12204.6,09:23,12:48,Inne
Kobieta,20.0,Średnie,10018.66,08:45,19:35,Praca
Kobieta,48.0,Podstawowe,13995.49,11:17,11:13,Edukacja
Mężczyzna,66.0,Średnie,5371.41,08:57,21:27,Praca
Kobieta,34.0,Wyższe,8786.58,05:45,10:26,Praca
Mężczyzna,35.0,Średnie,14531.09,,09:52,Rozrywka
Kobieta,39.0,Wyższe,5752.86,,21:42,Inne
Mężczyzna,62.0,Średnie,12880.72,21:57,00:20,Inne
Kobieta,22.0,Podstawowe,7237.87,09:46,16:23,Praca
Mężczyzna,35.0,Wyższe,14494.99,21:58,22:39,Praca
Kobieta,47.0,Podstawowe,9543.68,17:41,22:17,Rozrywka
Mężczyzna,43.0,Podstawowe,4227.19,23:55,02:42,Inne
Mężczyzna,32.0,Średnie,13545.88,19:44,06:29,Rozrywka
Kobieta,25.0,Wyższe,12181.1,08:45,16:08,Rozrywka
Mężczyzna,21.0,Średnie,5708.73,23:50,08:14,Zakupy
Kobieta,70.0,Podstawowe,7024.76,19:05,19:12,Praca
,56.0,,,,,Edukacja
Kobieta,56.0,Średnie,4815.38,06:36,14:38,Edukacja
Kobieta,63.0,Średnie,3781.67,09:56,12:47,Inne
Kobieta,33.0,Średnie,4517.03,08:36,12:03,Praca
Kobieta,19.0,Wyższe,14701.1,12:02,15:17,Inne
Mężczyzna,63.0,Wyższe,5161.77,23:34,00:40,Rozrywka
Mężczyzna,70.0,Podstawowe,5268.93,19:41,05:31,Edukacja
Mężczyzna,68.0,,3932.37,13:49,22:09,Praca
Kobieta,44.0,Wyższe,6978.39,11:31,15:32,Inne
Mężczyzna,34.0,Średnie,5251.36,23:14,07:20,Praca
Mężczyzna,37.0,Wyższe,13968.08,16:58,19:35,Edukacja
Kobieta,35.0,Wyższe,12376.09,17:45,21:52,Inne
Mężczyzna,19.0,Wyższe,12650.24,19:52,22:43,Edukacja
Mężczyzna,33.0,Wyższe,9500.3,20:06,06:23,Rozrywka
Kobieta,65.0,Podstawowe,5064.2,19:10,06:56,Rozrywka
Kobieta,50.0,Podstawowe,11106.57,12:48,13:07,Rozrywka
Kobieta,62.0,Wyższe,13022.46,17:02,21:10,Rozrywka
Kobieta,70.0,Wyższe,4632.04,07:13,14:54,Rozrywka
Kobieta,27.0,Podstawowe,13125.64,11:28,14:36,Inne
Mężczyzna,36.0,Podstawowe,8840.0,22:58,02:44,Praca
Kobieta,24.0,Podstawowe,12590.51,08:24,16:44,Praca
Mężczyzna,40.0,Wyższe,7850.87,17:15,00:17,Zakupy
Kobieta,48.0,Wyższe,10529.36,11:36,11:11,Zakupy
Kobieta,20.0,Podstawowe,4633.34,16:38,20:39,Inne
Mężczyzna,18.0,Podstawowe,5063.62,23:06,03:24,Praca
Kobieta,24.0,Średnie,11053.84,06:45,14:30,Praca
Kobieta,43.0,Wyższe,8084.83,05:54,06:17,Praca
Kobieta,68.0,Wyższe,14626.96,07:15,20:46,Zakupy
Mężczyzna,66.0,Średnie,13915.2,23:28,08:51,Edukacja
Mężczyzna,21.0,Średnie,13258.3,11:36,11:30,Rozrywka
Mężczyzna,66.0,Wyższe,9305.48,17:03,21:47,Rozrywka
Kobieta,38.0,Podstawowe,10261.01,16:44,20:17,Praca
Mężczyzna,46.0,Podstawowe,9358.47,22:06,06:08,Zakupy
Kobieta,28.0,Wyższe,8247.6,17:37,02:49,Praca
Mężczyzna,55.0,Średnie,6325.54,07:18,12:13,Zakupy
Mężczyzna,53.0,Średnie,4102.98,07:04,13:01,Edukacja
Kobieta,24.0,Podstawowe,13135.99,18:22,01:53,Rozrywka
Kobieta,47.0,Podstawowe,5208.74,09:02,16:16,Praca
Mężczyzna,68.0,Podstawowe,6556.91,05:13,15:48,Praca
Mężczyzna,33.0,Wyższe,13183.24,23:33,04:52,Inne
Mężczyzna,54.0,Wyższe,3826.67,21:39,05:55,Rozrywka
Kobieta,59.0,Wyższe,12930.6,18:46,18:14,Zakupy
Mężczyzna,57.0,Średnie,13331.85,19:51,00:50,Zakupy
Mężczyzna,36.0,Średnie,4354.98,16:52,17:16,Edukacja
Kobieta,59.0,Wyższe,12795.45,05:18,08:23,Praca
Kobieta,63.0,Wyższe,14602.72,15:11,15:42,Edukacja
Mężczyzna,64.0,Średnie,9228.72,12:51,23:40,Rozrywka
Mężczyzna,25.0,Wyższe,13093.21,16:53,03:18,
Kobieta,66.0,Wyższe,11155.36,22:02,05:15,Rozrywka
Kobieta,44.0,Podstawowe,14324.69,11:23,22:37,Zakupy
Kobieta,60.0,Wyższe,4611.14,09:11,10:20,Praca
Kobieta,25.0,Podstawowe,6370.59,06:03,15:31,Rozrywka
Mężczyzna,48.0,Podstawowe,5980.2,10:44,17:22,Rozrywka
Mężczyzna,48.0,,,,,
Mężczyzna,34.0,Średnie,12863.46,10:05,11:30,Inne
Kobieta,,,,,01:02,
Kobieta,50.0,Wyższe,3060.82,08:32,17:41,Inne
Mężczyzna,26.0,Średnie,11688.3,06:51,14:22,Praca
Mężczyzna,26.0,Wyższe,11358.36,09:36,10:02,Rozrywka
Kobieta,26.0,Podstawowe,8676.85,23:27,03:45,Rozrywka
Kobieta,67.0,Podstawowe,9681.2,11:32,13:15,Rozrywka
Kobieta,50.0,Podstawowe,11725.75,07:44,08:17,Praca
Mężczyzna,21.0,Średnie,11537.54,20:57,02:08,Edukacja
Mężczyzna,27.0,Wyższe,4551.94,20:08,06:21,Inne
Mężczyzna,28.0,Średnie,6601.3,22:27,22:20,Inne
Mężczyzna,53.0,Podstawowe,13874.71,15:01,17:58,Inne
Kobieta,59.0,Średnie,4094.4,16:37,20:11,Inne
Kobieta,67.0,Średnie,4200.79,12:31,20:29,Edukacja
Mężczyzna,21.0,Wyższe,12574.22,07:58,14:39,Praca
,,,,11:29,,Edukacja
Mężczyzna,53.0,Wyższe,14443.57,10:34,19:55,Zakupy
Mężczyzna,35.0,Wyższe,5872.15,20:37,00:10,Rozrywka
Kobieta,49.0,Wyższe,,23:48,10:57,Inne
Kobieta,,,,15:57,,
Kobieta,21.0,Podstawowe,8622.37,18:59,21:33,Edukacja
Mężczyzna,49.0,Wyższe,13573.9,13:19,23:27,Edukacja
Mężczyzna,58.0,Podstawowe,3757.84,09:30,18:59,Edukacja
Mężczyzna,59.0,Wyższe,12935.01,06:22,06:38,Zakupy
Mężczyzna,51.0,Średnie,3367.81,21:52,01:57,Inne
,28.0,Podstawowe,10029.74,14:10,01:23,Edukacja
Mężczyzna,27.0,Średnie,7875.86,21:09,04:04,Edukacja
Kobieta,39.0,Podstawowe,7412.94,12:25,15:35,Edukacja
Mężczyzna,19.0,Średnie,14112.73,21:28,08:11,Zakupy
Kobieta,32.0,Średnie,8172.75,15:43,19:42,Inne
Mężczyzna,25.0,Średnie,10597.69,08:28,08:25,Edukacja
Kobieta,64.0,Wyższe,4505.68,14:56,22:14,Praca
Kobieta,36.0,Średnie,8010.96,08:01,18:46,Praca
Kobieta,37.0,Wyższe,11831.49,19:24,03:20,Zakupy
Mężczyzna,63.0,Średnie,,22:50,09:06,Edukacja
Kobieta,39.0,Wyższe,3827.51,18:14,05:10,Praca
Mężczyzna,22.0,Wyższe,9520.46,19:26,03:39,Edukacja
Kobieta,42.0,Podstawowe,4951.71,11:06,15:31,Zakupy
Mężczyzna,37.0,Podstawowe,8643.94,06:30,09:11,Praca
Mężczyzna,67.0,Wyższe,9440.43,19:26,19:50,Praca
Kobieta,62.0,Średnie,7882.05,10:06,20:54,Praca
Kobieta,57.0,Średnie,14657.22,05:22,07:01,Rozrywka
Kobieta,29.0,Średnie,3723.91,13:56,14:16,Praca
Mężczyzna,64.0,Wyższe,12094.3,05:29,06:19,Zakupy
Kobieta,26.0,Średnie,9513.64,21:44,01:56,Inne
Kobieta,50.0,Podstawowe,7543.53,21:37,05:29,Edukacja
Kobieta,60.0,Podstawowe,11432.76,17:04,21:07,Edukacja
Kobieta,60.0,Wyższe,13104.47,09:29,17:19,Inne
Mężczyzna,23.0,Podstawowe,3828.9,13:54,20:42,Rozrywka
Mężczyzna,61.0,Podstawowe,11347.37,19:55,06:16,Zakupy
Kobieta,28.0,Wyższe,4184.25,20:13,06:59,Edukacja
Kobieta,29.0,Podstawowe,3513.15,18:14,20:24,Praca
Mężczyzna,43.0,Podstawowe,10624.13,16:18,22:10,Inne
Kobieta,21.0,Średnie,10146.72,09:51,,Praca
Kobieta,61.0,Średnie,9456.79,22:12,01:18,Zakupy
Kobieta,53.0,Wyższe,9440.21,29:42,08:06,Rozrywka
Mężczyzna,24.0,Wyższe,4923.39,11:20,12:02,Zakupy
Mężczyzna,23.0,Wyższe,3126.45,23:57,03:32,Inne
Kobieta,55.0,Wyższe,10875.3,23:12,23:02,Inne
Mężczyzna,53.0,Wyższe,5605.63,10:28,15:46,Rozrywka
Kobieta,39.0,Średnie,6948.55,13:05,20:17,Rozrywka
Kobieta,28.0,Średnie,12948.28,20:33,04:03,Rozrywka
Mężczyzna,38.0,Średnie,3108.83,18:45,23:48,Inne
Mężczyzna,20.0,Podstawowe,7073.71,13:43,21:17,Inne
Kobieta,57.0,Wyższe,7209.34,16:44,21:05,Zakupy
Mężczyzna,68.0,Wyższe,5645.5,10:21,18:13,Edukacja
Kobieta,57.0,Wyższe,3988.34,05:44,14:07,Zakupy
Kobieta,58.0,Wyższe,12751.97,16:17,20:13,Inne
Kobieta,59.0,Wyższe,3633.84,19:37,05:18,Edukacja
Mężczyzna,22.0,Średnie,5447.63,19:37,,Inne
Kobieta,65.0,Średnie,10706.4,05:45,05:57,Inne
Mężczyzna,41.0,Średnie,6120.51,06:32,13:01,Zakupy
Kobieta,47.0,Podstawowe,5069.21,22:22,08:58,Edukacja
Kobieta,20.0,Wyższe,6166.88,14:49,03:50,Inne
Kobieta,22.0,Podstawowe,11539.48,10:27,11:28,Praca
Mężczyzna,21.0,Podstawowe,7157.7,05:36,07:32,Praca
Mężczyzna,66.0,Wyższe,6632.97,21:48,08:23,Edukacja
Kobieta,25.0,Średnie,9455.89,13:26,00:32,Edukacja
Mężczyzna,54.0,Podstawowe,7273.7,13:35,22:50,Edukacja
,47.0,Podstawowe,14706.33,10:13,16:10,Praca
Mężczyzna,60.0,Średnie,14697.35,09:40,15:43,Zakupy
Mężczyzna,28.0,Wyższe,3368.16,20:58,03:45,Inne
Kobieta,39.0,Podstawowe,13749.2,12:30,20:42,Edukacja
Mężczyzna,42.0,Podstawowe,11788.4,15:58,21:49,Edukacja
Mężczyzna,58.0,Średnie,11134.79,23:04,06:50,Zakupy
Mężczyzna,23.0,Wyższe,13303.49,12:51,20:43,Praca
Kobieta,21.0,Podstawowe,14389.8,11:08,13:45,Zakupy
Kobieta,47.0,Podstawowe,7880.42,20:21,04:06,Praca
Mężczyzna,31.0,Podstawowe,6277.05,15:57,23:25,Praca
Kobieta,53.0,Podstawowe,12711.69,12:38,19:15,Edukacja
Kobieta,41.0,Wyższe,14071.83,21:43,01:22,Zakupy
Mężczyzna,40.0,Średnie,5600.35,19:55,19:38,Praca
Kobieta,40.0,Średnie,6452.44,09:46,12:17,Edukacja
Mężczyzna,50.0,Podstawowe,5281.04,21:39,03:40,Zakupy
Mężczyzna,55.0,Średnie,12058.21,22:52,01:54,Zakupy
Kobieta,35.0,Podstawowe,11321.52,05:13,13:46,Rozrywka
Kobieta,42.0,Średnie,7730.69,20:40,09:31,Rozrywka
Kobieta,28.0,Średnie,5513.87,07:50,15:42,Inne
Mężczyzna,33.0,Średnie,12558.2,10:20,21:19,Edukacja
Mężczyzna,64.0,Średnie,9990.14,17:38,20:57,Praca
Mężczyzna,33.0,Podstawowe,8143.09,18:21,19:17,Praca
Mężczyzna,29.0,Wyższe,6408.68,10:52,18:44,Rozrywka
Kobieta,39.0,Wyższe,13117.72,16:41,03:28,Rozrywka
Mężczyzna,55.0,Wyższe,3135.37,07:41,07:33,Zakupy
Mężczyzna,42.0,Wyższe,4414.92,19:51,06:36,Edukacja
Mężczyzna,30.0,Wyższe,10591.98,15:16,00:06,Edukacja
Kobieta,,,,15:31,,
Kobieta,20.0,Wyższe,10377.54,06:36,08:34,Inne
Kobieta,44.0,Średnie,11232.21,18:29,03:13,Inne
Mężczyzna,55.0,Średnie,10375.44,21:54,03:20,Praca
Mężczyzna,47.0,Średnie,14899.91,15:12,00:47,Rozrywka
Kobieta,28.0,Wyższe,10860.05,10:50,13:29,Zakupy
Mężczyzna,61.0,Wyższe,9048.55,05:36,13:06,Zakupy
Kobieta,24.0,Podstawowe,6161.73,22:30,01:35,Rozrywka
Mężczyzna,69.0,Wyższe,9150.21,19:11,02:29,Rozrywka
Kobieta,49.0,Podstawowe,9716.23,08:35,16:01,Inne
Mężczyzna,40.0,Średnie,7971.52,21:28,05:50,Edukacja
Kobieta,22.0,Podstawowe,13303.2,13:53,23:36,Praca
Mężczyzna,54.0,Podstawowe,13235.68,13:58,14:58,Edukacja
Mężczyzna,42.0,Podstawowe,3999.64,15:26,21:28,Zakupy
Mężczyzna,18.0,Podstawowe,8837.18,08:11,19:45,Inne
Mężczyzna,43.0,Podstawowe,14016.45,21:09,21:07,Inne
Kobieta,47.0,Wyższe,13250.31,19:45,05:54,Edukacja
,,,,21:46,05:05,
Mężczyzna,66.0,Wyższe,3382.05,10:30,14:47,Zakupy
Kobieta,54.0,Podstawowe,4856.92,16:54,20:45,Rozrywka
Mężczyzna,39.0,Wyższe,9301.26,16:20,20:38,Zakupy
Mężczyzna,53.0,Średnie,11441.37,11:36,14:00,Edukacja
Mężczyzna,62.0,Średnie,3651.7,12:44,12:42,Praca
Mężczyzna,23.0,Podstawowe,6652.94,07:46,07:23,Praca
Mężczyzna,26.0,Wyższe,13093.76,13:35,18:45,Rozrywka
Kobieta,39.0,Średnie,10259.55,08:40,09:20,Inne
Mężczyzna,70.0,Podstawowe,14998.64,05:17,15:10,Inne
Kobieta,26.0,Podstawowe,11414.09,17:17,01:59,Zakupy
Mężczyzna,56.0,Średnie,3151.46,15:35,15:41,Zakupy
Mężczyzna,18.0,Wyższe,8706.42,11:43,13:28,Praca
Mężczyzna,44.0,Średnie,14834.31,12:21,12:29,Rozrywka
Kobieta,29.0,Średnie,8060.68,22:19,04:44,Zakupy
Kobieta,28.0,Średnie,6245.2,11:09,17:35,Edukacja
Kobieta,55.0,Wyższe,4347.24,06:23,15:16,Zakupy
Mężczyzna,69.0,Podstawowe,6565.42,22:42,,Praca
Kobieta,25.0,Średnie,7722.96,18:04,05:08,Rozrywka
Kobieta,33.0,Wyższe,6024.43,05:08,08:00,Zakupy
Kobieta,62.0,Średnie,11997.79,05:47,11:05,Rozrywka
Mężczyzna,66.0,Średnie,7216.73,20:16,20:30,Rozrywka
Mężczyzna,32.0,Średnie,7960.63,17:25,00:24,Rozrywka
Mężczyzna,,Średnie,3618.93,05:53,14:24,Inne
Kobieta,27.0,Podstawowe,3937.23,15:27,20:46,Inne
Kobieta,65.0,Wyższe,14938.34,16:17,00:14,Inne
Kobieta,,Podstawowe,3294.1,11:13,22:33,Rozrywka
Mężczyzna,21.0,Podstawowe,6363.34,14:10,19:27,Edukacja
Mężczyzna,37.0,Średnie,5774.23,20:28,02:00,Praca
Mężczyzna,50.0,Podstawowe,4825.88,17:29,21:18,Edukacja
Mężczyzna,24.0,Średnie,13049.42,06:43,,Rozrywka
Mężczyzna,57.0,Wyższe,13623.84,18:30,02:29,Rozrywka
Kobieta,68.0,Średnie,8017.84,17:58,19:41,Praca
Mężczyzna,65.0,Podstawowe,7370.49,14:27,22:08,Rozrywka
Kobieta,32.0,Wyższe,11711.76,19:37,20:43,Praca
Kobieta,48.0,Podstawowe,5517.36,21:46,07:58,Zakupy
Mężczyzna,37.0,Średnie,8905.94,08:12,15:45,Edukacja
Mężczyzna,65.0,Średnie,11564.16,13:16,20:15,Edukacja
Kobieta,19.0,Średnie,3632.79,18:48,23:02,Inne
Mężczyzna,38.0,Wyższe,12601.84,19:39,23:14,Rozrywka
Kobieta,28.0,Wyższe,13788.91,13:19,15:36,Inne
Mężczyzna,40.0,Podstawowe,10050.84,17:18,01:15,Zakupy
Kobieta,40.0,Średnie,6888.89,26:21,22:38,Edukacja
Mężczyzna,53.0,Podstawowe,5297.58,23:56,06:57,Inne
Kobieta,19.0,Podstawowe,13928.55,13:17,23:55,Praca
Mężczyzna,32.0,Podstawowe,6271.14,14:32,20:32,Rozrywka
Kobieta,60.0,Podstawowe,12037.74,23:06,03:42,Inne
Mężczyzna,42.0,Podstawowe,11739.83,,17:59,Inne
Mężczyzna,66.0,Średnie,6345.05,10:25,18:19,Inne
Kobieta,68.0,Średnie,14374.47,10:12,11:16,Inne
Mężczyzna,52.0,Średnie,10914.12,18:50,02:59,Praca
Kobieta,26.0,Średnie,7927.08,18:37,21:32,Edukacja
Kobieta,47.0,Średnie,8287.84,19:45,00:44,Inne
Mężczyzna,19.0,Średnie,5749.56,17:02,00:58,Rozrywka
Kobieta,53.0,Wyższe,13842.95,17:40,02:59,Zakupy
Kobieta,44.0,Podstawowe,7552.64,08:40,17:27,Edukacja
Mężczyzna,55.0,Wyższe,14861.19,06:30,15:01,Edukacja
Kobieta,30.0,Wyższe,8904.67,14:21,01:30,Zakupy
Mężczyzna,41.0,Wyższe,4997.23,20:31,22:02,Inne
Kobieta,25.0,Wyższe,8458.05,18:46,19:53,Praca
Mężczyzna,34.0,Podstawowe,13327.3,10:27,10:42,Praca
Mężczyzna,46.0,Podstawowe,4033.1,09:32,16:43,Praca
Kobieta,38.0,Podstawowe,8151.32,11:27,20:41,Inne
Mężczyzna,53.0,Średnie,9764.25,19:53,03:59,Edukacja
Kobieta,68.0,Wyższe,5797.17,16:10,16:34,Zakupy
Kobieta,58.0,Podstawowe,3915.44,15:01,,Praca
Mężczyzna,30.0,Podstawowe,7840.62,23:30,23:50,Zakupy
Kobieta,46.0,Średnie,10084.53,23:58,,Edukacja
Kobieta,39.0,Podstawowe,12036.65,14:12,14:32,Rozrywka
Mężczyzna,25.0,Średnie,14159.97,23:14,01:34,Praca
Kobieta,59.0,Wyższe,10221.78,21:02,02:01,Inne
Kobieta,70.0,Podstawowe,7238.0,19:33,03:57,Rozrywka
Kobieta,28.0,Średnie,8823.79,13:11,00:37,Praca
Kobieta,48.0,Wyższe,13984.45,22:15,01:20,Zakupy
Kobieta,37.0,Średnie,11441.66,14:45,23:00,Praca
Kobieta,55.0,Wyższe,10598.5,21:33,00:55,Edukacja
Mężczyzna,51.0,Wyższe,6352.67,06:16,14:49,Edukacja
Mężczyzna,43.0,Wyższe,12707.47,18:53,01:22,Praca
Kobieta,39.0,Wyższe,9422.47,13:37,22:25,Praca
Kobieta,58.0,Wyższe,5762.31,10:55,18:58,Inne
Kobieta,69.0,Podstawowe,9544.29,16:46,21:09,Rozrywka
Kobieta,45.0,,12374.3,11:38,14:25,Zakupy
Kobieta,18.0,Średnie,14999.5,11:40,16:22,Zakupy
Mężczyzna,37.0,Podstawowe,7740.52,10:40,12:52,Edukacja
Kobieta,49.0,Średnie,11060.92,22:44,02:40,Praca
Kobieta,57.0,Średnie,14078.2,10:37,17:59,Inne
Mężczyzna,35.0,Podstawowe,12455.3,10:19,14:54,Rozrywka
Kobieta,35.0,Średnie,11162.48,21:37,01:12,Praca
Kobieta,53.0,Podstawowe,3492.29,15:52,23:44,Zakupy
Kobieta,69.0,Wyższe,9771.93,22:20,01:18,Edukacja
Mężczyzna,35.0,Średnie,7893.87,10:32,11:48,Praca
Mężczyzna,56.0,Podstawowe,7086.24,05:44,16:07,Zakupy
Kobieta,50.0,Podstawowe,9726.74,18:58,21:12,Rozrywka
Kobieta,57.0,Wyższe,5985.47,29:55,22:09,Edukacja
Mężczyzna,32.0,Wyższe,11331.71,07:56,18:00,Edukacja
Mężczyzna,20.0,Wyższe,7603.77,18:16,05:32,Inne
Mężczyzna,30.0,Średnie,10745.92,12:45,16:00,Rozrywka
Kobieta,63.0,Wyższe,10941.19,12:14,23:38,Rozrywka
Mężczyzna,64.0,Wyższe,14634.62,20:21,20:43,Zakupy
Kobieta,56.0,Podstawowe,12441.18,09:27,12:53,Praca
Mężczyzna,54.0,Podstawowe,5890.01,08:08,19:01,Edukacja
Kobieta,25.0,Średnie,8766.92,10:19,15:52,Zakupy
Kobieta,49.0,Podstawowe,9744.92,08:54,14:43,Praca
Kobieta,29.0,Podstawowe,14136.05,20:16,23:30,Inne
Kobieta,43.0,Podstawowe,13960.05,12:22,14:02,Edukacja
Kobieta,64.0,Wyższe,7334.73,15:04,20:32,Zakupy
Mężczyzna,42.0,Średnie,10173.0,09:37,13:37,Inne
Kobieta,68.0,Średnie,7112.75,20:33,05:49,Inne
Mężczyzna,52.0,Podstawowe,3708.87,10:13,11:54,Zakupy
Mężczyzna,62.0,Średnie,9579.15,20:44,02:26,Zakupy
Mężczyzna,37.0,Wyższe,10603.18,14:12,19:09,Zakupy
Mężczyzna,56.0,Średnie,10843.73,07:23,11:43,Zakupy
Kobieta,63.0,Podstawowe,14510.96,10:31,20:28,Rozrywka
Mężczyzna,67.0,Podstawowe,6696.8,10:27,10:02,Rozrywka
Kobieta,25.0,Podstawowe,14894.76,11:32,18:00,Zakupy
Mężczyzna,45.0,Średnie,8910.0,15:55,16:06,Praca
Mężczyzna,50.0,Wyższe,7306.2,09:42,09:54,Inne
,,,,22:29,01:51,
Mężczyzna,34.0,Średnie,12899.65,05:12,07:49,Edukacja
,48.0,Średnie,,12:52,16:31,Praca
Kobieta,44.0,Podstawowe,4269.75,15:42,18:28,Praca
Kobieta,20.0,Podstawowe,7934.55,13:44,21:45,Inne
Kobieta,42.0,Podstawowe,13010.14,09:30,19:45,Rozrywka
Kobieta,55.0,Wyższe,11592.08,05:43,06:42,Edukacja
Kobieta,44.0,Średnie,12241.3,10:03,14:19,Edukacja
Mężczyzna,59.0,Średnie,14205.41,20:23,06:37,Praca
Kobieta,34.0,Wyższe,13416.28,14:08,19:47,Inne
Kobieta,41.0,Wyższe,7375.4,12:51,15:33,Rozrywka
Mężczyzna,19.0,Wyższe,13977.6,15:56,19:55,Edukacja
Kobieta,61.0,Wyższe,10317.27,06:11,12:31,Rozrywka
Kobieta,31.0,Średnie,6843.69,21:27,22:38,Zakupy
Mężczyzna,18.0,Podstawowe,14768.23,20:34,,Rozrywka
Kobieta,19.0,Średnie,13200.53,07:45,11:04,Zakupy
Kobieta,59.0,Wyższe,11729.77,14:36,22:39,Edukacja
,65.0,,,,02:51,
Mężczyzna,51.0,Podstawowe,4234.65,23:40,10:02,Praca
Kobieta,61.0,Podstawowe,3244.19,23:21,09:53,Zakupy
Mężczyzna,57.0,Średnie,12031.96,12:22,23:19,Zakupy
Kobieta,56.0,Średnie,12356.77,15:23,21:27,Praca
Kobieta,19.0,Średnie,11816.58,15:57,15:46,Edukacja
Kobieta,65.0,Średnie,9015.44,18:22,19:15,Rozrywka
Kobieta,53.0,Wyższe,6700.99,14:09,14:45,Zakupy
Mężczyzna,39.0,Średnie,14443.1,22:42,22:18,Praca
Mężczyzna,32.0,Średnie,5454.55,17:09,17:45,Praca
Kobieta,53.0,Średnie,11404.72,10:57,14:08,Rozrywka
Mężczyzna,18.0,Wyższe,11396.49,19:09,03:26,Praca
Mężczyzna,42.0,Podstawowe,5381.7,10:34,10:27,Praca
Kobieta,27.0,Wyższe,8844.11,16:51,01:27,Praca
Kobieta,46.0,Podstawowe,14011.86,12:19,22:42,Inne
Mężczyzna,29.0,Wyższe,12101.01,14:38,14:52,Edukacja
Kobieta,44.0,Podstawowe,10225.68,10:06,10:46,Praca
Mężczyzna,45.0,Średnie,12362.36,07:43,15:57,Rozrywka
Kobieta,67.0,Podstawowe,3446.93,20:07,02:10,Zakupy
Mężczyzna,39.0,Wyższe,8345.19,13:54,15:54,Praca
Kobieta,61.0,Wyższe,14555.1,20:34,22:21,Praca
Mężczyzna,50.0,Podstawowe,7649.45,05:40,15:44,Rozrywka
Mężczyzna,56.0,Wyższe,8327.33,20:08,05:17,Inne
Mężczyzna,50.0,,10081.33,23:32,09:33,Edukacja
Kobieta,51.0,Wyższe,12798.25,16:00,21:07,Inne
Mężczyzna,59.0,Podstawowe,13975.48,12:09,21:41,Praca
Kobieta,66.0,Średnie,10027.19,16:40,21:41,Praca
Kobieta,28.0,Wyższe,13829.14,09:32,19:56,Edukacja
Kobieta,57.0,Wyższe,11685.53,21:32,08:11,Inne
Kobieta,62.0,Podstawowe,3285.83,08:33,18:11,Praca
Kobieta,56.0,Wyższe,,16:14,16:07,Inne
Kobieta,57.0,Wyższe,3000.42,15:45,17:37,Zakupy
Mężczyzna,45.0,Wyższe,7572.94,14:47,16:17,Zakupy
Kobieta,25.0,Wyższe,12759.18,20:13,07:09,Edukacja
Kobieta,23.0,Średnie,6807.41,11:38,11:36,Edukacja
Kobieta,22.0,Wyższe,6440.34,13:47,15:41,Zakupy
Mężczyzna,52.0,Wyższe,13707.5,15:10,16:20,Rozrywka
Mężczyzna,49.0,Podstawowe,12038.7,22:52,01:34,Zakupy
Mężczyzna,51.0,Średnie,4754.73,20:30,03:17,Inne
Kobieta,39.0,Średnie,7865.68,11:33,11:43,Zakupy
Mężczyzna,66.0,Średnie,13666.31,08:33,19:12,Edukacja
Mężczyzna,61.0,Wyższe,5182.02,05:00,09:04,Inne
Mężczyzna,56.0,Podstawowe,3397.42,08:20,08:18,Edukacja
Kobieta,26.0,Średnie,5616.63,10:21,17:18,Zakupy
Mężczyzna,,Średnie,5783.58,23:22,04:30,Zakupy
Kobieta,55.0,Średnie,14290.05,16:56,01:13,Edukacja
Mężczyzna,49.0,Średnie,8689.38,10:27,10:14,Edukacja
Kobieta,33.0,Podstawowe,3973.22,21:24,00:12,Edukacja
Kobieta,45.0,Średnie,13790.16,09:10,16:54,Praca
,58.0,Wyższe,6459.2,05:29,13:16,Edukacja
Kobieta,61.0,Podstawowe,7222.69,14:10,22:29,Inne
Mężczyzna,26.0,Wyższe,4272.2,08:31,17:49,Rozrywka
Kobieta,60.0,Wyższe,11104.01,12:02,23:32,Rozrywka
Mężczyzna,55.0,Podstawowe,7877.7,16:15,16:21,Zakupy
Mężczyzna,63.0,Podstawowe,6890.07,09:37,09:23,Inne
Mężczyzna,58.0,Wyższe,4048.2,23:10,08:33,Inne
Mężczyzna,33.0,Wyższe,12216.09,23:49,09:31,Zakupy
Kobieta,24.0,Średnie,5755.07,16:52,23:02,Zakupy
Mężczyzna,48.0,Wyższe,4656.64,10:26,21:05,Praca
,51.0,Wyższe,,,,
Mężczyzna,52.0,Średnie,7680.62,19:19,06:54,Praca
Mężczyzna,40.0,Średnie,9964.54,17:43,23:33,Edukacja
Mężczyzna,51.0,Średnie,12816.17,06:54,11:03,Edukacja
Mężczyzna,70.0,Średnie,7655.8,20:48,20:11,Praca
Mężczyzna,41.0,Średnie,13982.78,07:41,11:34,Rozrywka
Kobieta,45.0,Średnie,7751.9,12:05,19:53,Inne
Kobieta,46.0,Średnie,12334.98,12:29,22:02,Edukacja
Kobieta,25.0,Średnie,7977.52,19:49,20:16,Praca
Kobieta,65.0,Podstawowe,3569.28,11:29,19:43,Edukacja
Kobieta,66.0,Wyższe,8157.41,17:11,17:06,Inne
Mężczyzna,70.0,Średnie,3806.14,10:30,18:16,Inne
Mężczyzna,60.0,Wyższe,14011.18,12:17,15:20,Zakupy
Kobieta,30.0,Podstawowe,14276.21,06:43,14:03,Praca
Kobieta,36.0,Średnie,13055.38,14:11,20:36,Zakupy
Kobieta,61.0,Podstawowe,3383.02,08:18,19:27,Praca
Kobieta,20.0,Średnie,4842.08,09:03,19:25,Rozrywka
Kobieta,57.0,Podstawowe,8472.33,16:12,23:44,Zakupy
Kobieta,55.0,Podstawowe,11947.93,21:34,00:33,Edukacja
Kobieta,61.0,Podstawowe,6623.97,15:48,18:39,Rozrywka
Mężczyzna,22.0,Średnie,9423.71,18:53,01:12,Inne
Mężczyzna,53.0,Wyższe,3608.49,05:20,08:54,Praca
Mężczyzna,55.0,Podstawowe,4713.58,05:16,06:07,Inne
Mężczyzna,44.0,Średnie,14825.82,07:41,12:11,Inne
Kobieta,31.0,Wyższe,5340.53,12:33,16:46,Inne
Mężczyzna,42.0,Wyższe,5327.5,06:33,11:42,Praca
Mężczyzna,43.0,Podstawowe,4795.24,09:25,15:35,Rozrywka
Kobieta,56.0,Wyższe,3057.02,06:13,13:15,Inne
Kobieta,,Wyższe,5063.01,08:18,19:15,Edukacja
Mężczyzna,67.0,Średnie,12345.48,06:31,08:02,Zakupy
Mężczyzna,30.0,Średnie,14975.28,17:56,21:07,Edukacja
Mężczyzna,35.0,Podstawowe,14287.32,08:25,14:09,Inne
Kobieta,22.0,Podstawowe,4767.95,11:01,19:23,Inne
Mężczyzna,59.0,Podstawowe,8304.63,19:15,23:43,Praca
Mężczyzna,23.0,Wyższe,10810.11,25:15,08:09,Praca
Mężczyzna,30.0,Średnie,11597.79,22:39,06:05,Edukacja
Mężczyzna,55.0,Wyższe,4593.92,23:16,04:48,Rozrywka
Kobieta,29.0,Podstawowe,11363.53,11:28,21:15,Edukacja
,,Wyższe,6537.38,,,
Kobieta,24.0,Podstawowe,5285.73,18:41,05:13,Rozrywka
Kobieta,31.0,Wyższe,11437.95,14:13,19:49,Edukacja
Kobieta,66.0,Podstawowe,7011.97,22:35,06:51,Inne
Mężczyzna,52.0,Podstawowe,12100.14,06:56,15:28,Zakupy
Mężczyzna,68.0,Podstawowe,6279.33,18:12,22:25,Edukacja
Mężczyzna,20.0,Podstawowe,12419.65,09:56,12:31,
Mężczyzna,64.0,Wyższe,13273.71,23:25,01:32,Edukacja
Kobieta,70.0,Średnie,12035.56,20:51,00:30,Rozrywka
Kobieta,52.0,Wyższe,6446.9,05:31,07:15,Edukacja
Kobieta,60.0,Podstawowe,12244.06,12:07,14:19,Zakupy
Mężczyzna,27.0,Średnie,11319.84,10:27,17:22,Edukacja
Kobieta,36.0,Średnie,4608.59,05:51,08:18,Edukacja
Mężczyzna,49.0,Podstawowe,11274.62,08:28,13:34,Zakupy
Mężczyzna,37.0,Podstawowe,13504.47,15:02,17:34,Inne
Mężczyzna,43.0,Wyższe,11484.77,07:42,14:42,Rozrywka
Kobieta,51.0,Podstawowe,5523.42,10:11,16:19,Zakupy
Mężczyzna,68.0,Wyższe,11324.04,12:05,18:28,Rozrywka
Mężczyzna,23.0,Wyższe,5427.22,09:52,18:21,Praca
Mężczyzna,69.0,Średnie,5403.48,05:08,10:59,Edukacja
Kobieta,55.0,Podstawowe,11196.62,23:53,08:38,Zakupy
Mężczyzna,20.0,Podstawowe,8148.27,11:37,12:53,Zakupy
Kobieta,52.0,Średnie,5437.44,07:22,13:34,Rozrywka
Kobieta,21.0,Średnie,12948.35,10:16,11:16,Zakupy
Mężczyzna,21.0,Podstawowe,11926.51,16:08,19:09,Edukacja
Kobieta,44.0,Wyższe,12920.59,17:55,21:11,Inne
Kobieta,47.0,Podstawowe,14981.53,23:53,00:40,Inne
Mężczyzna,34.0,Średnie,12299.25,12:47,19:03,Inne
Kobieta,41.0,Wyższe,11115.29,28:00,21:05,Zakupy
Mężczyzna,52.0,Średnie,12681.72,11:28,17:21,Praca
Mężczyzna,36.0,Średnie,3600.25,11:01,11:11,Inne
Kobieta,59.0,Średnie,14030.62,17:48,00:55,Zakupy
Kobieta,69.0,Podstawowe,3405.58,12:48,14:22,Edukacja
Kobieta,69.0,Podstawowe,11817.52,11:25,20:34,Rozrywka
Mężczyzna,60.0,Podstawowe,8119.98,14:53,15:53,Zakupy
Kobieta,26.0,Podstawowe,3697.22,23:53,03:58,Rozrywka
Mężczyzna,63.0,Średnie,9616.59,08:38,10:53,Zakupy
Kobieta,54.0,Podstawowe,10607.25,08:35,19:17,Zakupy
Kobieta,38.0,Wyższe,8240.68,10:01,21:08,Edukacja
Mężczyzna,21.0,Wyższe,9996.67,08:13,18:39,Praca
Mężczyzna,47.0,Wyższe,11745.44,27:17,14:48,Inne
Kobieta,68.0,Wyższe,12413.72,06:24,11:21,Praca
Kobieta,65.0,Wyższe,11657.44,17:12,20:13,Inne
Mężczyzna,34.0,Wyższe,9871.74,07:51,17:47,Rozrywka
Kobieta,62.0,Średnie,10303.43,19:40,01:29,Inne
Kobieta,21.0,Wyższe,13057.64,07:07,10:45,Inne
Kobieta,20.0,Wyższe,6025.46,06:32,10:27,Rozrywka
Mężczyzna,25.0,Podstawowe,7585.83,07:27,18:12,Zakupy
Mężczyzna,61.0,Średnie,10426.57,10:51,17:00,Rozrywka
Kobieta,70.0,Średnie,9624.38,10:44,10:21,Rozrywka
Mężczyzna,62.0,Średnie,11256.23,07:49,12:04,Inne
Kobieta,64.0,Wyższe,11377.97,19:09,04:12,Rozrywka
Mężczyzna,57.0,Podstawowe,3072.44,11:43,14:09,Edukacja
Mężczyzna,49.0,Podstawowe,9036.45,07:31,11:04,Zakupy
Kobieta,34.0,Wyższe,5505.19,05:07,05:16,Rozrywka
Mężczyzna,66.0,Podstawowe,14699.6,12:17,23:57,Edukacja
Mężczyzna,55.0,Wyższe,7422.2,14:19,23:19,Inne
Kobieta,68.0,Średnie,4279.02,06:12,11:10,Rozrywka
Kobieta,70.0,Wyższe,10116.52,09:32,16:38,Zakupy
Kobieta,57.0,Wyższe,8926.38,06:22,13:10,Inne
Mężczyzna,65.0,Podstawowe,9863.77,06:43,07:32,Inne
Kobieta,33.0,Podstawowe,14704.06,12:35,22:25,Inne
Kobieta,53.0,Średnie,6151.15,14:51,22:39,Zakupy
Mężczyzna,27.0,Podstawowe,6036.04,14:52,15:27,Rozrywka
Mężczyzna,22.0,Wyższe,4094.79,14:29,14:26,Praca
Mężczyzna,20.0,Wyższe,10601.25,09:32,20:15,Zakupy
,29.0,,,,06:19,
Mężczyzna,38.0,Wyższe,8840.01,22:13,09:28,Edukacja
Mężczyzna,40.0,Wyższe,3767.56,08:20,09:08,Praca
Mężczyzna,39.0,Średnie,10660.38,22:06,07:11,Rozrywka
Kobieta,59.0,Wyższe,6434.69,14:09,20:34,Inne
Mężczyzna,61.0,Wyższe,12656.71,18:43,22:54,Rozrywka
Mężczyzna,35.0,Podstawowe,11384.07,11:00,20:44,Rozrywka
Mężczyzna,40.0,Podstawowe,10106.72,08:34,16:27,Inne
Mężczyzna,67.0,Podstawowe,4907.53,10:45,13:20,Inne
Kobieta,37.0,Wyższe,6193.81,20:48,07:33,Inne
Mężczyzna,46.0,Średnie,10892.69,21:43,02:06,Zakupy
Mężczyzna,46.0,Wyższe,5983.02,21:07,05:58,Zakupy
Kobieta,68.0,Wyższe,6685.02,16:16,02:05,Praca
Kobieta,41.0,Średnie,5104.78,17:59,00:33,Inne
Mężczyzna,54.0,Wyższe,7460.43,22:32,23:00,Edukacja
Kobieta,32.0,Podstawowe,4738.87,12:06,18:26,Zakupy
Kobieta,44.0,Średnie,4410.39,19:20,23:54,Inne
Kobieta,57.0,Wyższe,11287.03,06:00,12:24,Zakupy
Mężczyzna,36.0,Średnie,12268.38,11:44,13:00,Inne
Mężczyzna,63.0,Wyższe,3778.72,09:14,20:31,Praca
Mężczyzna,25.0,Średnie,8196.56,11:24,22:25,Inne
Mężczyzna,49.0,Wyższe,14879.63,19:41,04:15,Inne
Mężczyzna,34.0,Wyższe,11729.02,10:38,13:31,Rozrywka
Kobieta,31.0,Średnie,14889.94,15:35,19:51,Praca
Mężczyzna,66.0,Wyższe,11367.43,11:22,14:35,Praca
Kobieta,42.0,Wyższe,5292.75,07:39,08:23,Zakupy
Kobieta,32.0,Średnie,14194.09,15:39,00:50,Praca
Mężczyzna,66.0,Wyższe,3987.16,06:26,11:03,Rozrywka
Kobieta,32.0,Podstawowe,4306.77,18:41,22:18,Edukacja
Kobieta,44.0,Wyższe,14643.4,09:52,11:44,Rozrywka
Kobieta,50.0,Podstawowe,5039.97,12:05,16:03,Edukacja
Kobieta,66.0,Wyższe,7624.81,22:08,01:42,Edukacja
Kobieta,25.0,Wyższe,14209.28,08:20,08:19,Rozrywka
Mężczyzna,29.0,Wyższe,12552.31,10:21,14:49,Praca
Mężczyzna,39.0,Podstawowe,6098.54,16:03,19:56,Praca
Kobieta,42.0,Średnie,4152.31,05:54,12:39,Rozrywka
Kobieta,65.0,Wyższe,9003.58,20:50,01:40,Inne
Mężczyzna,44.0,Podstawowe,6540.44,21:16,04:28,Rozrywka
Mężczyzna,46.0,Podstawowe,8347.0,07:42,11:09,Praca
Kobieta,39.0,Średnie,10564.49,12:30,12:07,Praca
Mężczyzna,25.0,Podstawowe,3026.1,19:15,21:26,Inne
Mężczyzna,70.0,Podstawowe,7765.64,15:56,17:47,Inne
Kobieta,37.0,Podstawowe,5273.64,10:50,15:19,Edukacja
Mężczyzna,65.0,Wyższe,8257.62,15:56,15:39,Zakupy
Kobieta,19.0,Średnie,11474.22,17:16,19:31,Zakupy
Kobieta,70.0,Wyższe,10246.79,06:31,11:10,Edukacja
Mężczyzna,41.0,Wyższe,6910.94,23:54,02:51,Praca
Mężczyzna,31.0,Średnie,4652.58,11:11,13:52,Rozrywka
Kobieta,43.0,Podstawowe,12330.49,21:16,21:22,Rozrywka
Kobieta,22.0,Podstawowe,14813.83,18:24,19:54,Praca
Kobieta,19.0,Podstawowe,4809.47,22:27,02:47,Praca
Mężczyzna,42.0,Wyższe,13483.42,10:01,17:31,Edukacja
Kobieta,59.0,Średnie,11238.61,22:18,00:17,Rozrywka
Mężczyzna,46.0,Podstawowe,7091.33,22:23,23:28,Edukacja
Mężczyzna,66.0,Średnie,8034.13,13:27,00:57,Praca
Mężczyzna,44.0,Średnie,5889.94,13:46,21:06,Praca
Mężczyzna,61.0,Podstawowe,10916.85,11:07,11:06,Rozrywka
Kobieta,64.0,Średnie,13315.97,11:14,20:15,Praca
Mężczyzna,36.0,Wyższe,3057.07,07:12,10:06,Edukacja
Mężczyzna,63.0,Wyższe,5860.57,,09:36,Zakupy
Kobieta,25.0,Wyższe,11888.34,16:27,01:54,Edukacja
Mężczyzna,25.0,Wyższe,12101.68,23:11,01:36,Edukacja
Mężczyzna,24.0,Średnie,13713.93,13:14,15:06,Edukacja
Kobieta,23.0,Średnie,13121.68,08:18,14:58,Zakupy
Mężczyzna,65.0,Wyższe,12201.1,10:16,14:45,Edukacja
Kobieta,32.0,Podstawowe,8830.8,19:59,05:09,Edukacja
Kobieta,67.0,Podstawowe,4842.59,21:55,06:21,Praca
Kobieta,33.0,Wyższe,10730.62,16:07,03:35,Praca
Mężczyzna,18.0,Wyższe,3611.35,22:21,02:48,Praca
Kobieta,55.0,Wyższe,6073.66,05:00,13:32,Edukacja
Mężczyzna,33.0,Podstawowe,5918.76,10:12,10:11,Praca
Kobieta,32.0,Średnie,13274.95,17:26,21:16,Edukacja
Kobieta,66.0,Wyższe,10966.42,16:36,16:51,Edukacja
Kobieta,52.0,Podstawowe,3620.33,05:43,16:00,Praca
Kobieta,41.0,Podstawowe,10095.58,21:12,21:35,Inne
Kobieta,62.0,Średnie,5408.1,19:27,03:03,Rozrywka
Mężczyzna,38.0,Podstawowe,5229.72,11:55,13:57,Inne
Kobieta,45.0,Podstawowe,7236.47,10:00,15:21,Praca
Kobieta,41.0,Średnie,10730.09,19:47,05:29,Zakupy
Kobieta,22.0,Średnie,3593.45,11:28,22:45,Zakupy
Kobieta,59.0,Podstawowe,3966.02,14:56,16:49,Edukacja
Mężczyzna,31.0,Średnie,4155.7,05:26,11:52,Rozrywka
Mężczyzna,40.0,Podstawowe,13000.36,13:43,21:25,Rozrywka
Mężczyzna,66.0,Podstawowe,4879.6,11:28,21:47,Inne
Kobieta,27.0,Wyższe,14135.29,15:43,23:46,Inne
Mężczyzna,49.0,Podstawowe,12009.99,10:43,18:16,Inne
Mężczyzna,29.0,Średnie,6268.35,28:54,15:56,Edukacja
Kobieta,23.0,Średnie,11570.76,12:11,16:31,Zakupy
Kobieta,51.0,Podstawowe,13275.58,10:49,19:54,Zakupy
Kobieta,54.0,Średnie,12598.07,05:44,16:08,Praca
Mężczyzna,32.0,Średnie,3956.28,18:27,21:01,Praca
Mężczyzna,47.0,Wyższe,12240.87,11:32,22:48,Inne
Kobieta,33.0,Średnie,10594.43,21:18,23:18,Zakupy
Mężczyzna,23.0,Podstawowe,13665.79,09:02,14:10,Inne
Kobieta,53.0,Średnie,10086.43,11:17,11:30,Zakupy
Kobieta,33.0,Wyższe,6850.36,14:29,22:55,Inne
Kobieta,52.0,Wyższe,8152.81,14:36,01:52,Praca
Kobieta,62.0,Podstawowe,9444.82,16:40,23:07,Edukacja
Mężczyzna,25.0,Wyższe,12990.75,08:27,16:07,Inne
Mężczyzna,34.0,Podstawowe,3395.95,13:06,19:53,Edukacja
Mężczyzna,61.0,Podstawowe,11090.96,09:03,16:17,Praca
Mężczyzna,59.0,Średnie,7772.92,12:53,17:01,Zakupy
Mężczyzna,45.0,Średnie,11749.65,19:14,04:56,Praca
Kobieta,45.0,Wyższe,13843.71,13:30,14:41,Rozrywka
,31.0,,,20:10,,
Mężczyzna,61.0,Podstawowe,12385.79,17:59,02:55,Zakupy
Mężczyzna,62.0,Wyższe,6196.71,23:36,05:14,Inne
Mężczyzna,20.0,Wyższe,9727.83,15:01,00:06,Inne
Kobieta,70.0,Wyższe,11119.83,20:39,20:26,Zakupy
Kobieta,61.0,Średnie,6439.1,16:42,23:08,Edukacja
Mężczyzna,64.0,Podstawowe,9903.8,21:23,01:34,Praca
Kobieta,70.0,Podstawowe,13837.4,16:06,00:26,Inne
Kobieta,46.0,Podstawowe,3108.62,14:44,01:15,Rozrywka
Kobieta,62.0,Podstawowe,4436.69,23:48,08:11,Inne
Mężczyzna,44.0,Wyższe,9092.25,05:05,16:54,Praca
Kobieta,63.0,Wyższe,4769.51,19:59,23:52,Edukacja
Mężczyzna,45.0,Wyższe,6854.97,15:57,19:12,Praca
,33.0,Podstawowe,14878.3,18:12,20:12,Edukacja
Kobieta,42.0,Podstawowe,10363.85,07:56,14:38,Edukacja
Kobieta,41.0,Średnie,5910.34,11:54,16:02,Inne
Kobieta,69.0,Wyższe,14224.99,22:41,07:49,Zakupy
Mężczyzna,44.0,Średnie,10343.41,13:10,23:39,Edukacja
Kobieta,27.0,Wyższe,6271.65,13:20,16:03,Edukacja
Kobieta,23.0,Wyższe,5385.79,07:03,11:30,Praca
Mężczyzna,65.0,Podstawowe,8170.13,18:03,20:38,Edukacja
Mężczyzna,63.0,Średnie,12367.46,13:09,13:25,Praca
Mężczyzna,66.0,Wyższe,14943.44,19:39,22:16,Rozrywka
Mężczyzna,66.0,Wyższe,14306.72,18:10,23:52,Edukacja
Mężczyzna,53.0,Podstawowe,8798.47,06:39,12:54,Edukacja
Kobieta,59.0,Wyższe,3366.16,14:09,20:45,Edukacja
Kobieta,26.0,Wyższe,4373.56,21:05,04:13,Inne
Mężczyzna,33.0,Średnie,14228.55,22:16,23:40,Zakupy
Mężczyzna,65.0,Wyższe,8927.23,09:46,19:41,Praca
Kobieta,70.0,Podstawowe,3907.73,12:39,15:34,Rozrywka
Mężczyzna,55.0,Średnie,3763.9,11:09,20:47,Rozrywka
Mężczyzna,52.0,Średnie,7942.9,08:22,14:58,Praca
Kobieta,41.0,Podstawowe,12286.21,14:47,18:40,Rozrywka
Mężczyzna,58.0,Podstawowe,3847.54,06:47,16:36,Edukacja
Mężczyzna,68.0,Podstawowe,13961.75,05:43,05:14,Zakupy
Kobieta,65.0,Średnie,8095.51,14:18,17:42,Praca
Kobieta,43.0,Podstawowe,12649.17,15:03,00:27,Edukacja
Kobieta,30.0,Średnie,9389.91,14:22,00:02,Zakupy
Kobieta,31.0,Podstawowe,12823.2,18:43,02:31,Inne
Kobieta,24.0,Wyższe,7517.27,19:31,21:44,Zakupy
Mężczyzna,52.0,Podstawowe,10734.89,19:19,05:00,Rozrywka
Kobieta,49.0,Średnie,13929.34,22:09,03:57,Rozrywka
Mężczyzna,70.0,Średnie,12430.36,13:59,15:28,Rozrywka
Mężczyzna,31.0,Wyższe,9499.86,07:34,13:11,Edukacja
Mężczyzna,34.0,Wyższe,10703.53,09:18,19:00,Inne
Kobieta,20.0,Podstawowe,5818.42,05:47,15:03,Rozrywka
Mężczyzna,49.0,Podstawowe,13686.17,17:30,02:44,Inne
Kobieta,63.0,,9349.46,20:36,07:38,Zakupy
Kobieta,51.0,Wyższe,14086.84,18:46,04:39,Edukacja
Mężczyzna,56.0,Średnie,,13:44,23:20,Inne
Mężczyzna,23.0,Wyższe,6854.44,12:11,21:24,Edukacja
Mężczyzna,45.0,Wyższe,13249.24,17:00,18:49,Inne
Kobieta,44.0,Podstawowe,8249.08,20:15,03:56,Inne
Mężczyzna,61.0,Wyższe,13160.08,07:13,08:15,Zakupy
Kobieta,55.0,Wyższe,5923.65,21:17,02:14,Praca
Mężczyzna,59.0,Średnie,10223.28,05:28,08:53,Zakupy
,64.0,Średnie,3836.56,11:48,19:53,Edukacja
Mężczyzna,33.0,Średnie,9887.7,11:00,00:07,Edukacja
Kobieta,28.0,Podstawowe,14969.44,23:34,04:47,Rozrywka
Mężczyzna,19.0,Podstawowe,12362.16,08:18,17:25,Inne
Mężczyzna,22.0,Wyższe,4858.77,12:25,13:45,Zakupy
Mężczyzna,29.0,Średnie,11488.47,11:56,14:09,Edukacja
Kobieta,70.0,Średnie,11357.77,08:52,11:03,Inne
Mężczyzna,65.0,Podstawowe,3590.09,19:11,04:14,Rozrywka
Mężczyzna,20.0,Podstawowe,4357.17,22:05,09:36,Zakupy
Mężczyzna,54.0,Średnie,12372.44,17:49,04:26,Inne
Kobieta,26.0,Średnie,11236.36,12:43,18:22,Zakupy
Kobieta,61.0,Podstawowe,4224.32,11:49,18:02,Praca
Mężczyzna,,,,,,Inne
Mężczyzna,34.0,Wyższe,5460.5,07:55,16:42,Praca
Kobieta,43.0,Średnie,7798.91,10:59,19:21,Edukacja
Kobieta,63.0,Podstawowe,4641.58,05:59,06:51,Edukacja
Kobieta,64.0,Wyższe,7607.48,15:33,18:33,Praca
Mężczyzna,39.0,Wyższe,11385.56,21:09,03:41,Rozrywka
Kobieta,53.0,Podstawowe,4786.69,08:07,12:10,Rozrywka
Kobieta,51.0,Podstawowe,13319.79,14:20,20:21,Inne
Kobieta,53.0,Podstawowe,4353.7,14:41,14:48,Inne
Kobieta,42.0,Średnie,12387.48,16:09,20:26,Zakupy
Mężczyzna,47.0,Podstawowe,14014.46,07:32,11:57,Rozrywka
Mężczyzna,33.0,Wyższe,3274.71,06:18,06:06,Zakupy
Mężczyzna,30.0,Średnie,3359.08,06:49,17:48,Rozrywka
Mężczyzna,31.0,Średnie,12614.83,08:09,14:36,Inne
Kobieta,42.0,Średnie,14205.93,19:30,04:13,Rozrywka
Mężczyzna,29.0,Średnie,11024.32,06:25,13:04,Inne
Mężczyzna,35.0,Średnie,10070.36,20:52,23:06,Inne
Mężczyzna,28.0,Podstawowe,3408.52,06:49,09:45,Inne
Kobieta,48.0,Średnie,7572.61,21:24,23:51,Edukacja
Mężczyzna,33.0,Średnie,9692.76,22:09,02:45,Rozrywka
Mężczyzna,59.0,Średnie,10990.26,14:15,21:38,Zakupy
Mężczyzna,37.0,Średnie,3216.01,15:26,17:59,Praca
Kobieta,50.0,Podstawowe,13562.27,18:07,05:31,Edukacja
Mężczyzna,69.0,Wyższe,3237.76,10:41,18:35,Praca
Kobieta,29.0,Średnie,13533.46,05:47,12:47,Rozrywka
Mężczyzna,54.0,Wyższe,9186.54,17:57,02:50,Edukacja
Kobieta,55.0,Wyższe,14250.11,17:17,00:39,Zakupy
Mężczyzna,66.0,Podstawowe,13766.07,05:06,13:21,Zakupy
Mężczyzna,21.0,Średnie,6377.75,23:33,10:58,Zakupy
Mężczyzna,21.0,Średnie,12693.1,13:47,,Rozrywka
Mężczyzna,50.0,Wyższe,14694.34,15:13,22:19,Rozrywka
Kobieta,19.0,Wyższe,14249.84,16:29,03:19,Rozrywka
Kobieta,51.0,Podstawowe,5379.97,17:16,00:10,Zakupy
Mężczyzna,39.0,Średnie,7061.71,21:00,08:16,Rozrywka
Kobieta,69.0,Podstawowe,6052.01,14:55,21:00,Inne
Mężczyzna,33.0,Podstawowe,3710.97,06:38,10:59,Edukacja
Kobieta,45.0,Średnie,8530.37,15:39,17:05,Zakupy
Mężczyzna,49.0,Wyższe,14379.07,14:09,17:03,Zakupy
Kobieta,65.0,Wyższe,9586.72,09:42,09:04,Rozrywka
Mężczyzna,41.0,Średnie,13000.21,23:28,06:29,Inne
Kobieta,61.0,Podstawowe,9595.91,17:54,19:05,Praca
Mężczyzna,54.0,Wyższe,10313.04,14:27,20:14,Inne
Mężczyzna,38.0,Podstawowe,4772.75,06:53,07:57,Rozrywka
Mężczyzna,25.0,Wyższe,3786.42,23:45,06:47,Praca
Mężczyzna,54.0,Podstawowe,6107.62,14:48,22:49,Edukacja
Mężczyzna,30.0,Wyższe,8164.99,23:45,10:49,Inne
Mężczyzna,29.0,Podstawowe,14209.9,17:05,22:09,Praca
Mężczyzna,66.0,Podstawowe,10380.36,22:36,03:36,Inne
Mężczyzna,52.0,Podstawowe,11894.77,19:53,19:18,Edukacja
Kobieta,29.0,Podstawowe,10393.31,22:54,01:58,Edukacja
,64.0,,,,04:58,
Mężczyzna,32.0,Podstawowe,6367.94,06:46,06:56,Praca
,,Podstawowe,,,,Inne
Mężczyzna,23.0,Wyższe,5222.46,08:39,17:30,Rozrywka
Mężczyzna,61.0,Wyższe,5541.88,22:08,23:26,Praca
Kobieta,59.0,,,,,
Mężczyzna,22.0,Podstawowe,3469.42,05:48,05:02,Edukacja
Kobieta,52.0,Wyższe,10595.72,20:20,20:06,Zakupy
Mężczyzna,46.0,Wyższe,,11:05,13:32,Edukacja
,24.0,Podstawowe,8274.72,07:05,12:23,Praca
Mężczyzna,38.0,Podstawowe,14730.98,16:49,21:20,Rozrywka
Kobieta,23.0,Średnie,13213.87,12:31,18:21,Edukacja
Mężczyzna,46.0,Średnie,13890.7,23:23,06:55,Praca
Mężczyzna,67.0,Wyższe,11181.77,20:58,20:45,Rozrywka
Kobieta,56.0,Wyższe,5112.81,23:28,09:33,Rozrywka
Kobieta,27.0,Podstawowe,10719.9,22:23,00:38,Rozrywka
Mężczyzna,54.0,Podstawowe,3179.09,10:46,18:20,Rozrywka
Mężczyzna,20.0,Średnie,9501.78,14:19,21:19,Inne
Mężczyzna,43.0,Średnie,13774.73,15:23,19:13,Rozrywka
Mężczyzna,31.0,Wyższe,13220.34,18:10,19:21,Praca
Mężczyzna,29.0,Wyższe,,06:57,17:06,Rozrywka
Kobieta,31.0,Podstawowe,12892.84,23:12,04:35,Zakupy
Kobieta,40.0,Podstawowe,9596.49,13:11,16:00,Edukacja
Mężczyzna,55.0,Średnie,6125.43,21:58,23:08,Edukacja
Kobieta,48.0,Podstawowe,8903.39,18:04,18:02,Praca
Kobieta,34.0,Wyższe,14007.42,14:32,18:35,Inne
Mężczyzna,69.0,Wyższe,12116.59,20:35,00:00,Rozrywka
Kobieta,70.0,Podstawowe,3921.77,16:08,00:33,Rozrywka
Mężczyzna,48.0,Podstawowe,3324.88,07:41,09:46,Rozrywka
Mężczyzna,22.0,Wyższe,11517.17,18:58,07:52,Rozrywka
Kobieta,67.0,Wyższe,5049.28,,12:44,Edukacja
Mężczyzna,68.0,Wyższe,3933.91,16:40,18:13,Praca
Kobieta,30.0,Podstawowe,5051.78,12:06,19:20,Inne
Kobieta,61.0,Średnie,7811.29,19:53,23:44,Inne
Kobieta,38.0,Podstawowe,14760.5,23:17,07:18,Inne
Mężczyzna,55.0,Średnie,7494.8,17:39,04:59,Rozrywka
Mężczyzna,23.0,Podstawowe,4418.05,12:17,19:14,Edukacja
Mężczyzna,18.0,Podstawowe,11980.12,09:34,15:34,Praca
Mężczyzna,43.0,Średnie,10899.65,08:11,10:14,Zakupy
Mężczyzna,35.0,Średnie,3232.04,05:58,08:04,Inne
Mężczyzna,31.0,Średnie,7867.55,15:45,18:27,Edukacja
Kobieta,62.0,Średnie,11675.63,18:09,20:12,Praca
Kobieta,40.0,Wyższe,14171.69,21:51,05:43,Praca
Mężczyzna,61.0,Średnie,8646.15,08:49,19:08,Zakupy
Kobieta,67.0,Wyższe,13894.05,07:55,15:49,Inne
Mężczyzna,56.0,Średnie,9369.32,13:58,23:10,Edukacja
Kobieta,24.0,Średnie,9393.55,05:13,05:44,Inne
Kobieta,30.0,Wyższe,3063.48,20:59,22:04,Zakupy
Mężczyzna,41.0,Wyższe,13713.94,21:49,04:26,Zakupy
Kobieta,47.0,Średnie,12804.61,09:15,10:15,Rozrywka
Kobieta,21.0,Średnie,13087.09,19:20,03:49,Edukacja
Kobieta,36.0,Wyższe,10685.52,23:11,01:17,Rozrywka
Mężczyzna,24.0,Wyższe,8330.3,16:05,17:46,Rozrywka
Kobieta,31.0,Podstawowe,9808.1,19:24,20:03,Inne
Kobieta,61.0,Podstawowe,5460.22,21:29,04:13,Praca
Mężczyzna,30.0,Średnie,7394.34,18:42,05:20,Inne
Mężczyzna,25.0,Wyższe,5856.69,29:08,09:56,Edukacja
Kobieta,67.0,Średnie,8478.03,12:43,13:37,Zakupy
Kobieta,26.0,Podstawowe,14061.17,,08:32,Praca
Kobieta,25.0,Wyższe,12975.0,23:38,05:59,Praca
Mężczyzna,44.0,,4934.14,22:10,03:08,Edukacja
Mężczyzna,48.0,Wyższe,9303.75,18:56,19:22,Rozrywka
Kobieta,35.0,Wyższe,10242.35,17:15,19:34,Praca
Mężczyzna,52.0,,5959.96,05:29,11:18,Inne
Mężczyzna,38.0,Średnie,3962.34,17:24,03:56,Edukacja
Kobieta,49.0,Wyższe,10106.04,19:37,05:54,Praca
Mężczyzna,58.0,Wyższe,7969.46,10:10,18:57,Praca
Mężczyzna,38.0,Średnie,12887.77,15:04,01:30,Edukacja
Mężczyzna,69.0,Podstawowe,13178.82,05:13,11:52,Edukacja
Kobieta,31.0,Średnie,13800.22,18:00,02:37,Zakupy
Mężczyzna,64.0,Podstawowe,10022.48,11:44,14:29,Praca
Mężczyzna,51.0,Średnie,4234.1,06:10,10:40,Rozrywka
Mężczyzna,27.0,Wyższe,11437.67,18:57,23:53,Inne
Mężczyzna,37.0,Podstawowe,13762.49,08:43,08:53,Edukacja
Kobieta,30.0,Podstawowe,3957.91,13:17,14:16,Edukacja
Mężczyzna,65.0,Podstawowe,6550.18,06:21,16:14,Rozrywka
Mężczyzna,70.0,Średnie,3829.03,22:03,02:09,Praca
Kobieta,21.0,Średnie,13801.43,11:04,15:08,Inne
Mężczyzna,48.0,Średnie,14422.34,21:44,06:58,Praca
Mężczyzna,48.0,Wyższe,5752.33,08:28,09:32,Praca
Kobieta,22.0,Średnie,7710.51,18:33,00:58,Zakupy
Mężczyzna,64.0,Średnie,13144.51,15:38,15:31,Praca
,,Podstawowe,,,,Praca
Kobieta,68.0,Średnie,10310.57,23:41,03:36,Zakupy
Mężczyzna,28.0,Średnie,3126.34,20:34,21:41,Zakupy
Mężczyzna,70.0,Podstawowe,8369.8,15:21,23:20,Praca
Kobieta,36.0,Średnie,9373.77,16:12,21:55,Inne
,62.0,Średnie,,,,
Mężczyzna,45.0,Wyższe,10805.67,19:56,03:12,Zakupy
Mężczyzna,37.0,Średnie,7175.98,18:47,05:39,Edukacja
Kobieta,65.0,Podstawowe,9096.93,14:18,18:48,Rozrywka
Kobieta,67.0,Wyższe,8070.44,09:28,20:09,Praca
